"geneNames.as.numeric.rownames.res_coef3..1.l3...","res_coef3.adj.P.Val.1.l3."
"XIST",6.87432659474511e-09
"EIF1AY",1.51225979481902e-08
"RPS4Y1",1.51225979481902e-08
"DDX3Y",8.52436353734368e-08
"USP9Y",5.67140219761137e-07
"UTY",7.47040320438621e-07
"ZFY",3.62198380485449e-05
"KDM5D",4.72044013553073e-05
"TTTY15",0.000203209734926014
"NLGN4Y",0.00119995332265886
"SIPA1",0.00161815057761152
"SRGAP3",0.00311345376043376
"CD22",0.00311345376043376
"LOC283674",0.00346911089915704
"CLMN",0.00410804875204592
"TSIX",0.00410804875204592
"SIGIRR",0.00434536060557218
"TXLNGY",0.00485149357264771
"NUP62CL",0.00489269596909369
"GTPBP6",0.00489269596909369
"CYP3A7-CYP3A51P",0.00502715451785481
"AF085937",0.00650832835453912
"1566044_at",0.00659519066377144
"RASIP1",0.00783462841490452
"LOC151121",0.00793527403573418
"CDK2AP2",0.00817943312620859
"AI021902",0.00817943312620859
"ZFP36L1",0.00871837699577855
"OR51B6",0.00892093993696299
"SYNE3",0.00892093993696299
"STAT5B",0.00903166673284185
"ZBED1",0.00909250404248305
"HCG18",0.0113299219942201
"NTN1",0.0113299219942201
"SPI1",0.0126092705677024
"APAF1",0.0139932607812293
"PIAS4",0.0150820913191481
"PLA2G4B",0.01509044097104
"HCP5B",0.015384745890106
"MYH9",0.015384745890106
"CALML5",0.015384745890106
"PTPN12",0.015384745890106
"AL713663",0.015384745890106
"FKBP15",0.015384745890106
"ITGAL",0.015384745890106
"HOMER3",0.015384745890106
"C1orf68",0.015384745890106
"VCAN",0.0158535002793733
"PHTF2",0.0158535002793733
"NFKB2",0.0158535002793733
"CRHR1",0.0161912376739753
"SLC12A9",0.016553156054855
"ZPBP",0.0168086417581292
"AK026378",0.0168086417581292
"AFF2",0.0168086417581292
"CASKIN2",0.0174573135702007
"JAGN1",0.0177987378535681
"PKD1L2",0.0178168273348939
"CLRN1",0.018017272425002
"TP53BP1",0.0183757241779517
"AW085501",0.0183757241779517
"ZNF259P1",0.0183757241779517
"STK11",0.0183757241779517
"FMN1",0.0185871476686626
"BC032043",0.0198620205746531
"GCDH",0.0198620205746531
"ARHGAP22",0.0205919803680993
"LOC158402",0.0205919803680993
"SH3BGRL3",0.0210804942255371
"LOC101930630",0.0210804942255371
"KRTAP4-11",0.0210804942255371
"AA716482",0.0218952304188667
"PGK1",0.0221241689870718
"AW976247",0.0221241689870718
"HMG20B",0.0222176651521698
"DNAJC1",0.0224504135195078
"ZNF733P",0.0225240119543583
"MAP3K6",0.0232349893001075
"NOTCH4",0.0237034579939635
"ARHGEF10L",0.0239250280439163
"243682_at",0.0239250280439163
"GAL3ST1",0.0239250280439163
"LOC101927907",0.0239250280439163
"CCL23",0.0239250280439163
"BMP7",0.0239250280439163
"NFATC3",0.0241756950944362
"INSR",0.0241756950944362
"CARHSP1",0.0242167093316612
"ZNF697",0.0243654948247807
"AB051438",0.024547942990738
"MIR6791",0.0246600572751376
"PPFIBP2",0.0246857506682518
"ACPP",0.0246857506682518
"AHSA2",0.0258148928272495
"SLAMF1",0.0260492124911157
"DENND2A",0.0260492124911157
"RANBP10",0.0264826924472346
"TTN",0.0264826924472346
"ZBED6",0.0264826924472346
"ABTB2",0.0264826924472346
"CBS",0.026656802624579
"LOC101929284",0.026656802624579
"MCOLN2",0.0267535246786147
"ZNF771",0.0267535246786147
"ARHGEF12",0.026810401337579
"DMD",0.0268442445740315
"LINC00881",0.0268780049062061
"UNC5B",0.0268780049062061
"GNA12",0.0268780049062061
"AF130091",0.0268780049062061
"YBX1",0.0268780049062061
"OR4F29",0.0268780049062061
"AI634355",0.0268780049062061
"NTN3",0.0268780049062061
"UBTF",0.0268780049062061
"LOC101928668",0.0268780049062061
"CCDC142",0.0268780049062061
"CAPN10",0.0268817803271765
"TFEB",0.0268997118916835
"ARL3",0.0271067521856275
"CD99",0.0273148911370409
"LINC00892",0.0273148911370409
"FBRSL1",0.027532496786489
"OR8D1",0.027532496786489
"AW612663",0.027896494290529
"AI270858",0.027896494290529
"WHRN",0.027896494290529
"MDH1B",0.027896494290529
"PPARA",0.027896494290529
"PABPC1",0.027896494290529
"NPBWR1",0.027896494290529
"COL1A1",0.027896494290529
"AI742744",0.0281289910897068
"SQSTM1",0.0281825208040769
"OR6A2",0.0281825208040769
"NLGN3",0.0281825208040769
"BC041466",0.0281825208040769
"GUCD1",0.0281825208040769
"PRKD2",0.0281825208040769
"ITPR2",0.0281825208040769
"IFRD2",0.0281825208040769
"MMEL1",0.0281825208040769
"LIMD1",0.0281825208040769
"LOC101927122",0.0281825208040769
"ARHGEF40",0.0281825208040769
"ARRB1",0.0281825208040769
"R56808",0.0281825208040769
"LOC388456",0.0281825208040769
"TBC1D2",0.0281825208040769
"AA702961",0.0281825208040769
"PIEZO1",0.0281825208040769
"AU147851",0.0281825208040769
"ANKRD26P3",0.0281825208040769
"PMEPA1",0.0281825208040769
"TMCC1",0.0281825208040769
"PDGFB",0.0281825208040769
"MAP3K11",0.0281825208040769
"HSPB7",0.0281825208040769
"SFRP1",0.0281825208040769
"PHTF1",0.0281825208040769
"TRIM56",0.0281825208040769
"CAPN15",0.0281825208040769
"LINC01122",0.0281825208040769
"DCAF7",0.0281825208040769
"UCKL1",0.0281825208040769
"RAB2A",0.0281825208040769
"TLN1",0.0281825208040769
"MGC27345",0.0281825208040769
"IKZF3",0.0281825208040769
"ZFX",0.0281825208040769
"HEY2",0.0281825208040769
"AK000030",0.0281825208040769
"WDFY2",0.0281825208040769
"ZNF644",0.0281825208040769
"BF513944",0.0281825208040769
"BCL11A",0.0281825208040769
"RAPGEF3",0.0281825208040769
"C2orf61",0.0281825208040769
"TBC1D16",0.0281825208040769
"METTL21EP",0.0281825208040769
"MAN1A2",0.0281825208040769
"CFAP221",0.0281825208040769
"EXOSC10",0.0281825208040769
"LOC105369748",0.0281825208040769
"TRIM24",0.0281825208040769
"GRM6",0.0281825208040769
"ZNF776",0.0281825208040769
"TWF1",0.0281825208040769
"DARS-AS1",0.0281825208040769
"C1QL1",0.0281825208040769
"BF510739",0.0281825208040769
"CHIC1",0.0281825208040769
"CNOT6L",0.0281825208040769
"BF724621",0.0281825208040769
"C10orf2",0.0281825208040769
"PACS2",0.0281825208040769
"MLLT1",0.0281825208040769
"LOC102724689",0.0281825208040769
"NLRP14",0.0281825208040769
"ODF3B",0.0281825208040769
"KRTAP11-1",0.0281825208040769
"ZNF562",0.0281825208040769
"IGH",0.0281825208040769
"SPRR1B",0.0281825208040769
"TMEM37",0.0284023315020832
"SLCO3A1",0.0284023315020832
"SRPK1",0.0284023315020832
"CALD1",0.0284023315020832
"RPS15A",0.0284023315020832
"LL0XNC01-116E7.2",0.0284023315020832
"AKT3",0.0284023315020832
"N4BP2L1",0.0284023315020832
"SCARF2",0.0284023315020832
"MAGI3",0.0284023315020832
"AW979018",0.0284023315020832
"GPR107",0.0284023315020832
"AK023427",0.0284023315020832
"BARX1",0.0284023315020832
"MID2",0.0284023315020832
"INPPL1",0.0284023315020832
"NME4",0.0284023315020832
"LYAR",0.0284023315020832
"SLC39A13",0.0284023315020832
"UGT1A3",0.0284023315020832
"AW629429",0.0284023315020832
"NOL12",0.0284023315020832
"MSL1",0.0284023315020832
"AW971863",0.0284023315020832
"FAM87B",0.0284023315020832
"PIK3C2A",0.0284023315020832
"T99769",0.0284023315020832
"ACRV1",0.0284023315020832
"NFIC",0.0284023315020832
"SUN3",0.0284023315020832
"HSF1",0.0284023315020832
"ALB",0.0284023315020832
"216547_at",0.0284023315020832
"DNASE1L2",0.0284023315020832
"AF085980",0.0284023315020832
"ZNF333",0.0284309561207259
"WDFY3",0.0284309561207259
"AA651888",0.0284309561207259
"MEX3D",0.0284309561207259
"DMRTC1B",0.0284309561207259
"UBE2J2",0.0284309561207259
"ZNF638",0.0284309561207259
"ZNF419",0.0284309561207259
"TAF4B",0.0284309561207259
"LRGUK",0.0284309561207259
"UBA6",0.0284309561207259
"LOC101929752",0.0284309561207259
"MIR4745",0.0284309561207259
"BCLAF1",0.0284309561207259
"ALYREF",0.0284309561207259
"210230_at",0.0284309561207259
"EMILIN1",0.0284309561207259
"CYP2B6",0.0284309561207259
"AI023795",0.0284309561207259
"1553083_at",0.0284309561207259
"WWTR1",0.0284309561207259
"SLC22A25",0.0284309561207259
"RAI14",0.0284309561207259
"AF161366",0.0284309561207259
"AI962487",0.0284309561207259
"BC014866",0.0284309561207259
"MYO9B",0.0284309561207259
"MGAT3",0.0284309561207259
"PPP6R2",0.0284309561207259
"CYP2B7P",0.0284309561207259
"CA8",0.0284309561207259
"SLC19A1",0.0284309561207259
"CYHR1",0.0284309561207259
"KIR2DS1",0.0285242602329628
"ZBTB17",0.0285242602329628
"SZRD1",0.0287682319656484
"VAV2",0.0287682319656484
"LOC101927766",0.028788477854211
"FLII",0.028788477854211
"OR4D1",0.028788477854211
"KLF8",0.028788477854211
"RNF17",0.028788477854211
"BF513295",0.028788477854211
"ETFBKMT",0.028788477854211
"TXNDC2",0.028788477854211
"VEGFB",0.028788477854211
"TP53TG1",0.028788477854211
"TXN2",0.028788477854211
"BE856302",0.028788477854211
"CPM",0.028788477854211
"TYRO3P",0.0287949712075173
"AK025387",0.0287949712075173
"ZC3H13",0.0287949712075173
"FGFRL1",0.0287949712075173
"LINC00032",0.0287949712075173
"ITPKB",0.0287949712075173
"AI732427",0.0287949712075173
"LAYN",0.0287949712075173
"AA021230",0.0287949712075173
"STAC3",0.0287949712075173
"TRAM1",0.0287949712075173
"ERC1",0.0287949712075173
"ZFP28",0.0287949712075173
"CCNK",0.0287949712075173
"LINC00452",0.0287949712075173
"NMNAT2",0.0287949712075173
"TRPM4",0.0287949712075173
"ATP6V1E2",0.0287949712075173
"AW449624",0.0287949712075173
"AK095353",0.0287949712075173
"IQCF5-AS1",0.0287949712075173
"AK024860",0.0287949712075173
"TRAF3IP2-AS1",0.0287949712075173
"GEMIN2",0.0287949712075173
"DDX31",0.0287949712075173
"AK074226",0.0287949712075173
"UCHL1",0.0287949712075173
"RBBP6",0.0287949712075173
"LOC100507391",0.0287949712075173
"LTBP3",0.0287949712075173
"LINC00301",0.0287949712075173
"FRAS1",0.0287949712075173
"PDGFRB",0.0287949712075173
"PLEC",0.0287949712075173
"DERL2",0.0287949712075173
"KIR2DS5",0.0287949712075173
"ANKRD23",0.0287949712075173
"SNORA65",0.0287949712075173
"POLR2L",0.0287949712075173
"BC037339",0.0287949712075173
"GAFA2",0.0287949712075173
"AW963995",0.0287949712075173
"AI433880",0.0287949712075173
"AI652352",0.0287949712075173
"MGC15885",0.0287949712075173
"METRN",0.0287949712075173
"ACVR2B",0.0287949712075173
"AV700403",0.0287949712075173
"MRPL52",0.0287949712075173
"IFNA17",0.0287949712075173
"Y13187",0.0287949712075173
"244106_at",0.0287949712075173
"LCAT",0.0287949712075173
"CYP2C19",0.0287949712075173
"UIMC1",0.0287949712075173
"PABPC3",0.0287949712075173
"LTBP4",0.0287949712075173
"LINC01354",0.0287949712075173
"234518_at",0.0287949712075173
"SOX18",0.0287949712075173
"236940_at",0.0287949712075173
"AA772874",0.0287949712075173
"LDLRAP1",0.0287949712075173
"MIR6756",0.0287949712075173
"RWDD2A",0.0287949712075173
"NME3",0.0287949712075173
"LOC105369167",0.0287949712075173
"LOC101928748",0.0287949712075173
"AF086534",0.0287949712075173
"SV2C",0.0287949712075173
"TGDS",0.0287949712075173
"HECTD2",0.0287949712075173
"ALKBH3-AS1",0.0287949712075173
"PLCE1",0.0287949712075173
"CCNT2",0.0287949712075173
"MAGEA6",0.0287949712075173
"TAF10",0.0287949712075173
"TXNDC8",0.0287949712075173
"IGHMBP2",0.0287949712075173
"B4GALT6",0.0287949712075173
"AA524123",0.0287949712075173
"LOC102724561",0.0287949712075173
"RNASEH2B",0.0290328686455461
"LOC102723701",0.0290328686455461
"PRRC2A",0.0290328686455461
"PRDM9",0.0290328686455461
"CCDC107",0.0290328686455461
"NEGR1-IT1",0.0290328686455461
"CD80",0.0290328686455461
"HIC1",0.0290328686455461
"AF075107",0.0290328686455461
"SFSWAP",0.0290328686455461
"MIR2682",0.0290328686455461
"WNT6",0.0290328686455461
"UBE3A",0.0290328686455461
"DNM2",0.0290328686455461
"WWC3",0.0290328686455461
"LOC401324",0.0290328686455461
"GRID1",0.0290328686455461
"BC015125",0.0290328686455461
"HLA-DOB",0.0290328686455461
"TBC1D9B",0.0290328686455461
"AF116608",0.0290661419260885
"GNA14",0.0290661419260885
"LOC692247",0.0290661419260885
"MACF1",0.0290661419260885
"THNSL2",0.0290661419260885
"AI079534",0.0290661419260885
"LOC101929479",0.0290661419260885
"CORO1B",0.0290661419260885
"EXOC7",0.0290661419260885
"LOXL2",0.0290661419260885
"STK40",0.0290661419260885
"MLYCD",0.0290661419260885
"SOWAHC",0.0290661419260885
"DPP10-AS3",0.0290661419260885
"ZNF268",0.0290661419260885
"DDX60L",0.0290661419260885
"HSP90B1",0.0290661419260885
"PKP3",0.0290661419260885
"RMST",0.0290661419260885
"RIN3",0.0290661419260885
"AK022254",0.0290661419260885
"STK38",0.0290661419260885
"FAH",0.0290661419260885
"PCAT4",0.0290661419260885
"BC017948",0.0290661419260885
"SPHK2",0.0290661419260885
"NDUFV3",0.0290661419260885
"TAS2R8",0.0290661419260885
"TGFB3",0.029068679377889
"TNS1",0.029068679377889
"SLC39A7",0.0291179118807921
"APLN",0.0291179118807921
"CNDP2",0.0291318168530237
"ZBTB7A",0.0291318168530237
"SLC45A2",0.0294140765482466
"ELF1",0.0296714682413899
"AW513654",0.0296714682413899
"AA431623",0.0296714682413899
"DOCK9-AS2",0.0296714682413899
"EOMES",0.0296714682413899
"SCAF4",0.0296714682413899
"PLEKHA4",0.0296714682413899
"KLF6",0.0296714682413899
"AI458419",0.0296714682413899
"URI1",0.0296714682413899
"ZNF19",0.0296714682413899
"TRAPPC9",0.0296714682413899
"INO80B-WBP1",0.0296714682413899
"HGF",0.0296714682413899
"CYP1B1",0.0296714682413899
"SPIN3",0.0296714682413899
"TP53I13",0.0296714682413899
"SLC15A3",0.0296714682413899
"BF196252",0.0296714682413899
"LINC-PINT",0.0296714682413899
"ST3GAL3",0.0296714682413899
"AF086325",0.0296714682413899
"AF147403",0.0296714682413899
"AL049988",0.0296714682413899
"LOXL4",0.0296714682413899
"ARHGDIB",0.0296714682413899
"AF086318",0.0296714682413899
"WIZ",0.0296714682413899
"PPP2R1B",0.0296768409022096
"R49603",0.0296768409022096
"OTP",0.0296768409022096
"LOC100505984",0.0296768409022096
"LOC101927815",0.0296768409022096
"220906_at",0.0296768409022096
"SH3BP4",0.0296768409022096
"FAM205BP",0.0296768409022096
"MOB3A",0.0296768409022096
"ZIM2",0.0296768409022096
"LINC00919",0.0296768409022096
"GDPD1",0.0296768409022096
"PPP1CB",0.0296768409022096
"RP9",0.0296768409022096
"A4GALT",0.0296768409022096
"C10orf76",0.0296768409022096
"CUL5",0.0296768409022096
"LCE1E",0.0296768409022096
"C8orf82",0.0296768409022096
"EHMT1",0.0296768409022096
"BC043428",0.0296768409022096
"RTTN",0.0296768409022096
"ANO8",0.0296768409022096
"CGB1",0.0296768409022096
"SIRT5",0.0296768409022096
"PARP9",0.0296768409022096
"BC026120",0.0296768409022096
"GALNT5",0.0296768409022096
"C10orf88",0.0296768409022096
"AA331299",0.0296768409022096
"PCSK5",0.0296768409022096
"RIT1",0.0296768409022096
"TCAF1",0.0296768409022096
"MBD3",0.0296768409022096
"NOS3",0.0296768409022096
"ZNF93",0.0296768409022096
"KLK3",0.0296768409022096
"ADA",0.0296768409022096
"UNK",0.0296768409022096
"POM121C",0.0296768409022096
"NOTCH3",0.0296768409022096
"BCL10",0.0296768409022096
"HOXC11",0.0296768409022096
"IFNLR1",0.0296768409022096
"SPATA19",0.0296768409022096
"CLEC4F",0.0296768409022096
"BGN",0.0296768409022096
"ERCC4",0.0296768409022096
"ELFN2",0.0296768409022096
"CLN8",0.0296768409022096
"AKAP17A",0.0297015048126058
"CDKN1C",0.0297015048126058
"RAB21",0.0297714665147993
"ZBTB37",0.0297714665147993
"229525_at",0.0297714665147993
"GJC2",0.0298470199446509
"WNK1",0.0298789744928341
"HIPK2",0.0298789744928341
"STK4-AS1",0.0299700064567009
"LOC339166",0.0299944656576734
"SUSD4",0.0300179107772604
"MTMR7",0.0300179107772604
"FCRL2",0.0300179107772604
"WDFY4",0.0300179107772604
"COL27A1",0.0300179107772604
"LOC101927159",0.0300179107772604
"GNA11",0.0300179107772604
"KANK2",0.0300179107772604
"CADM4",0.0300179107772604
"MBNL2",0.0300179107772604
"LOC100130987",0.0300179107772604
"NAA60",0.0300179107772604
"LOC101930114",0.0300179107772604
"LY6G5B",0.0300179107772604
"DRC7",0.0300179107772604
"AIFM3",0.0300179107772604
"TPRA1",0.0300179107772604
"DEFB106B",0.0300179107772604
"CELF2-AS1",0.0300179107772604
"DDAH2",0.0300179107772604
"TPH2",0.0300179107772604
"IFT140",0.0300179107772604
"LOC101928963",0.0300179107772604
"MEP1B",0.030077579575928
"IL23R",0.030077579575928
"CSRNP3",0.030077579575928
"BI599409",0.030077579575928
"TMEM110",0.030077579575928
"POMC",0.030077579575928
"AI424825",0.0301168263432753
"STK32A",0.0301168263432753
"MYPN",0.0301168263432753
"DNAH6",0.0301168263432753
"MGEA5",0.0301168263432753
"BF508991",0.0301249721587304
"242816_at",0.0301249721587304
"INO80C",0.0301249721587304
"ZNF524",0.0301249721587304
"ICE2",0.0301249721587304
"BOLA2B",0.0301249721587304
"ADGRB1",0.0301249721587304
"MIR637",0.0301249721587304
"CTAGE1",0.0301249721587304
"TNS2",0.0301249721587304
"AA257109",0.0301249721587304
"PRR9",0.0301249721587304
"SSBP4",0.0301249721587304
"ITGA8",0.0301249721587304
"AL049351",0.0301249721587304
"MAT2B",0.0301249721587304
"CHST12",0.0301249721587304
"CD82",0.0301462725349967
"ITGB2-AS1",0.0301462725349967
"USP54",0.0301462725349967
"ARHGAP20",0.0301462725349967
"NANP",0.0301462725349967
"TCHP",0.0301462725349967
"ZNF688",0.0301462725349967
"AW902013",0.0301462725349967
"AI133721",0.0301462725349967
"MYOC",0.0301462725349967
"SSBP2",0.0301462725349967
"AI934909",0.0301462725349967
"LINC00685",0.0301462725349967
"BC014996",0.0301462725349967
"KRT74",0.0301462725349967
"MIR8072",0.0301462725349967
"KLK4",0.0301462725349967
"FLJ37453",0.0301462725349967
"UEVLD",0.0301462725349967
"COA4",0.030174460584762
"TRAV12-2",0.030174460584762
"DMPK",0.030174460584762
"USP13",0.030174460584762
"KRTAP5-8",0.030174460584762
"PC",0.030174460584762
"HTR1F",0.030174460584762
"TSC22D4",0.030174460584762
"PSMB10",0.030174460584762
"LINC00671",0.030174460584762
"DDX39A",0.030174460584762
"IGKC",0.030174460584762
"X69637",0.030174460584762
"LIMS4",0.030174460584762
"1560868_s_at",0.030174460584762
"SERPINB2",0.030174460584762
"IKZF2",0.030174460584762
"ACTR6",0.030174460584762
"ARHGEF39",0.030174460584762
"ARGLU1",0.030174460584762
"TMED9",0.030174460584762
"MGC10814",0.030174460584762
"ZNF580",0.030174460584762
"AI023444",0.030174460584762
"IFNA4",0.030174460584762
"GTF3C6",0.0302877414928823
"CARMIL1",0.0302877414928823
"PHLDA3",0.0302877414928823
"ADCY8",0.0302877414928823
"TBC1D13",0.0302877414928823
"AK027254",0.0303075984352726
"KDM5C",0.0303075984352726
"MED26",0.0303387066641446
"R3HCC1",0.0303554260814984
"AF086474",0.030358508502423
"ZNF503",0.030358508502423
"F2R",0.030358508502423
"PRO2214",0.030358508502423
"SUSD1",0.030358508502423
"AW384895",0.030358508502423
"FOXO4",0.030358508502423
"MED31",0.030358508502423
"KRT2",0.030358508502423
"NRDE2",0.030358508502423
"CRTC3",0.030358508502423
"FCHSD2",0.030358508502423
"RRBP1",0.030358508502423
"NPAP1",0.030358508502423
"RAD51-AS1",0.030358508502423
"STEAP3",0.030358508502423
"NUDT22",0.030358508502423
"DHX34",0.030358508502423
"NXPH2",0.030358508502423
"CSPP1",0.030358508502423
"EEF1E1",0.030358508502423
"FAM159A",0.030358508502423
"LOC101927849",0.030358508502423
"LOC101927705",0.030358508502423
"CDS1",0.030358508502423
"SLC25A29",0.030358508502423
"RMND1",0.030358508502423
"GNG5",0.030358508502423
"SMURF2",0.030358508502423
"LOC101928205",0.030358508502423
"TRIM8",0.030358508502423
"SLC4A2",0.030358508502423
"SRCAP",0.030358508502423
"AF150222",0.030358508502423
"CBR4",0.030358508502423
"RAPGEF4-AS1",0.030358508502423
"243202_at",0.030358508502423
"ALG10",0.030358508502423
"AF258585",0.030358508502423
"CSNK1G2",0.030358508502423
"CELA2B",0.030358508502423
"LOC101927513",0.030358508502423
"AF085900",0.030358508502423
"POLR2J",0.030358508502423
"ATP5E",0.030358508502423
"LINC00441",0.030358508502423
"VSTM4",0.030358508502423
"AK025363",0.030358508502423
"BF508789",0.030358508502423
"GGA1",0.030358508502423
"OSBPL7",0.030358508502423
"ZNF469",0.030358508502423
"ADAM22",0.030358508502423
"IL36G",0.030358508502423
"ADAM21",0.030358508502423
"ZSCAN25",0.030358508502423
"RAB32",0.030358508502423
"CHD6",0.030358508502423
"BIRC5",0.030358508502423
"KANSL1L",0.030358508502423
"AI476356",0.030358508502423
"ZNF2",0.030358508502423
"TMED4",0.030358508502423
"GCNT1",0.030358508502423
"AL137501",0.030358508502423
"OPLAH",0.030358508502423
"SLC41A1",0.030358508502423
"BCL6",0.030358508502423
"241175_at",0.030358508502423
"LOC101929441",0.030358508502423
"AJUBA",0.0303675773538529
"ALDH3B1",0.030383914775723
"MIRLET7BHG",0.0304502133653714
"MAPKAP1",0.0305197828298799
"AI668592",0.0305408966479373
"217537_x_at",0.03068437577399
"PRKCE",0.03068437577399
"MYO1E",0.03068437577399
"NRP2",0.03068437577399
"ATE1",0.03068437577399
"C14orf1",0.03068437577399
"AV649100",0.0307199257843392
"CCDC178",0.0307199257843392
"RIF1",0.0307199257843392
"PVR",0.0307981767936788
"TMEM104",0.0308810093285468
"237615_at",0.0309133119360488
"NFKBIB",0.0309195170979284
"PPP1R14B",0.0309195170979284
"TMEM43",0.031020402441906
"LMNTD1",0.031020402441906
"THADA",0.0310355980333762
"PAIP2",0.0310355980333762
"LTC4S",0.0310355980333762
"BE504098",0.0310355980333762
"POLR3C",0.0310355980333762
"AW298141",0.0310355980333762
"MAST4",0.0311169063983991
"NDE1",0.0311169063983991
"MYH14",0.0311169063983991
"LILRA2",0.0311169063983991
"ABL1",0.0311169063983991
"HSF4",0.0311169063983991
"KCNN1",0.0311169063983991
"FCN1",0.0311169063983991
"API5",0.0311169063983991
"LOC100507616",0.0311169063983991
"PGLS",0.0312720782450457
"RGL2",0.031299540691548
"CCT4",0.031299540691548
"AI740573",0.031299540691548
"FAM199X",0.031299540691548
"AI732702",0.031299540691548
"BF509210",0.0313059352779086
"AA007276",0.0313287282555579
"FOXP2",0.0313287282555579
"MKNK2",0.031439804429711
"LOC101926913",0.0314913879546888
"SIVA1",0.0315441168563071
"FBLL1",0.0315441168563071
"1565597_at",0.0315441168563071
"TEX264",0.0315441168563071
"WTIP",0.0317158333789489
"SOX4",0.0317158333789489
"SLC25A27",0.0317158333789489
"LOC283482",0.0317158333789489
"ZCCHC3",0.0317158333789489
"GINM1",0.0318170178778464
"AI309438",0.0318602408155331
"LOC101930489",0.0318602408155331
"LGALS9",0.0319355991648437
"KIF26A",0.0319563593791969
"AK024604",0.0320471722959442
"SLC6A8",0.0321092827838983
"CCDC71L",0.0321092827838983
"AV699637",0.0321092827838983
"FBXO28",0.0321092827838983
"AI867182",0.0321092827838983
"MAPK4",0.0321092827838983
"AL713632",0.0321092827838983
"PTPRJ",0.0321092827838983
"SIGLEC6",0.0321092827838983
"LINC01607",0.0321092827838983
"QKI",0.0322149008576971
"BF196209",0.0322149008576971
"AIP",0.0322149008576971
"MIR924HG",0.0322149008576971
"HPR",0.0322149008576971
"FOXK1",0.032251978224149
"TXLNG",0.032251978224149
"AL042505",0.032251978224149
"LOC102725108",0.032251978224149
"SRRT",0.032251978224149
"CARMN",0.032251978224149
"FAM129B",0.032251978224149
"MARS2",0.032251978224149
"MEFV",0.032251978224149
"GATA3-AS1",0.0323366865193432
"LOC105378568",0.0323381377806507
"FAXDC2",0.032382699907022
"BC019657",0.032382699907022
"TAS2R16",0.032382699907022
"BC036252",0.032382699907022
"ZSCAN30",0.032382699907022
"BG165613",0.032382699907022
"ITGB4",0.032382699907022
"ADPRM",0.032382699907022
"CEL",0.032382699907022
"PTCH1",0.032382699907022
"DHX37",0.032382699907022
"LINC01505",0.0324520113315311
"NRXN1",0.0324520113315311
"FZD7",0.0324520113315311
"ATF4",0.0324520113315311
"NCAPH",0.032480874075072
"NPAS2",0.032507696450255
"XRCC1",0.0325765896773823
"D59900",0.0326486345001787
"SETMAR",0.0326527475705118
"IFT20",0.0327572759168819
"TNFSF8",0.0327572759168819
"AI906424",0.0327572759168819
"OGFR",0.0327572759168819
"COL22A1",0.0327572759168819
"ATP13A1",0.0327572759168819
"NFIA",0.0327572759168819
"ESCO2",0.0327572759168819
"PREB",0.0327572759168819
"BE669479",0.0327572759168819
"1555489_at",0.0327572759168819
"GTPBP8",0.0327572759168819
"CDK11A",0.0327572759168819
"ECE1",0.0327606867103566
"LOC101928937",0.0327606867103566
"ERBB3",0.0327606867103566
"HIST1H3E",0.0327606867103566
"PTPRG",0.0327609110295807
"OMA1",0.0327609110295807
"NLRP13",0.0327609110295807
"ASCL1",0.0327973512889807
"GNAI2",0.0327973512889807
"C12orf49",0.0327973512889807
"ARHGAP31",0.0327973512889807
"C2orf72",0.0327973512889807
"IER3IP1",0.0327973512889807
"PBX3",0.0327973512889807
"YME1L1",0.0327973512889807
"NMRK1",0.0327973512889807
"TMEM63A",0.0327973512889807
"BMP2",0.0327973512889807
"KIAA1324L",0.0327973512889807
"AI913928",0.0327973512889807
"KIAA1217",0.03281199747065
"LOC101928817",0.0329193535898786
"DYRK1A",0.0330141748129278
"LOC100134317",0.0330693568553024
"SMCR8",0.0330693568553024
"EVA1B",0.0330693568553024
"MYLK",0.0331393279594435
"LOC101060553",0.0331393279594435
"MRPL12",0.0331393279594435
"KCTD15",0.0331393279594435
"TEX11",0.0331393279594435
"ELOF1",0.0331393279594435
"AF086093",0.0331841641598132
"SREK1",0.0331841641598132
"RABEP2",0.0331841641598132
"GPER1",0.0331841641598132
"1569569_x_at",0.0331841641598132
"ZMYM2",0.0332232124224783
"TIAF1",0.0332232124224783
"PHRF1",0.0332232124224783
"SEC24B-AS1",0.0332232124224783
"ZNF836",0.0332232124224783
"IRF7",0.0332232124224783
"AL832681",0.0336045527864685
"XPNPEP1",0.0336045527864685
"PRELID2",0.0336045527864685
"PRTG",0.0337808439506824
"TRA2A",0.0337808439506824
"LOC101928850",0.0337808439506824
"SUPT20H",0.0337808439506824
"TRIM36",0.0337808439506824
"WDR25",0.0337808439506824
"LOC101060424",0.0337808439506824
"SMIM24",0.0337808439506824
"SNAPC2",0.0337964382352419
"IL31RA",0.0337964382352419
"C5orf22",0.0337964382352419
"EPHA4",0.0340763711689798
"TKFC",0.0340763711689798
"FREM1",0.0340763711689798
"RHD",0.0340763711689798
"TRIM16L",0.0340763711689798
"DNAJC3",0.0340763711689798
"SF3B2",0.0340763711689798
"239076_at",0.0340763711689798
"FAM181B",0.0340763711689798
"CMIP",0.0340763711689798
"NBPF1",0.0340892142110063
"BI559349",0.034252859489674
"LDLRAD4-AS1",0.034252859489674
"AL134012",0.034252859489674
"SIX5",0.034252859489674
"CASP9",0.034252859489674
"PHEX-AS1",0.0343106621227345
"241841_at",0.0343829602104018
"MTAP",0.0343829602104018
"PKN1",0.0343869734403766
"GAREM2",0.0343869734403766
"217708_x_at",0.0343869734403766
"NPAS1",0.0343869734403766
"CSK",0.0343870703973005
"ATF5",0.0344904218178445
"AW445213",0.0345286236200118
"EPN2-IT1",0.0345482914604379
"SPR",0.0345482914604379
"SYNPO2L",0.0346405603309923
"FGFR1",0.0347303745861839
"RLIM",0.0347303745861839
"AL157467",0.0347303745861839
"AK025161",0.0347618696090368
"216497_at",0.034868996956923
"BC037848",0.0349083324149315
"AI733179",0.0349083324149315
"AW009761",0.0349591254419741
"RIC3",0.034970158261545
"FSTL4",0.034970158261545
"G6PC",0.0349941482112874
"EP400NL",0.0349941482112874
"AW452551",0.0350431967742824
"FAM83A",0.0352235044040959
"SEMA4F",0.0352235044040959
"GANAB",0.0352235044040959
"AW851069",0.0352235044040959
"R11494",0.035261675266324
"ZNF768",0.035261675266324
"BC006530",0.035261675266324
"BC026007",0.0353155942257741
"CLVS2",0.0353155942257741
"COL4A3",0.0353155942257741
"TNKS1BP1",0.0353194704024607
"PAPD4",0.0353276199756371
"PPP1R32",0.0353832490265375
"RBMS2",0.0353832490265375
"CAPS",0.0353832490265375
"ZIC1",0.0353987241404221
"GGT2",0.0354851944116516
"AI932618",0.0355347563157707
"CDH17",0.0355347563157707
"SAXO1",0.0355351978497454
"LOC102724870",0.035688400697257
"TOR1AIP2",0.035688400697257
"ADARB2-AS1",0.035688400697257
"RPS6KB2",0.035688400697257
"ASCC2",0.035688400697257
"OR2S2",0.035688400697257
"T90760",0.035688400697257
"IFNW1",0.035688400697257
"SPACA6",0.035688400697257
"AMBRA1",0.035688400697257
"GNB5",0.035688400697257
"MAP4",0.035688400697257
"N59650",0.035688400697257
"RNF170",0.035688400697257
"RNASEH2C",0.035688400697257
"OVAAL",0.035688400697257
"ZNF428",0.035688400697257
"GTPBP1",0.035688400697257
"SLC2A4RG",0.035688400697257
"GTDC1",0.035688400697257
"AL832272",0.035688400697257
"AW183782",0.035688400697257
"HK2",0.035688400697257
"AW449270",0.035688400697257
"LINC00879",0.035688400697257
"TAL1",0.035688400697257
"AF289570",0.035688400697257
"RNF130",0.035688400697257
"LINC00308",0.035688400697257
"RASL10B",0.035688400697257
"RAE1",0.035688400697257
"TMUB1",0.035688400697257
"LOC101928280",0.035688400697257
"AI351179",0.035688400697257
"TAPBP",0.035688400697257
"FAM212B-AS1",0.035688400697257
"DEUP1",0.035688400697257
"DCAF5",0.035688400697257
"HRAT13",0.035688400697257
"1554951_at",0.035688400697257
"SLC3A2",0.035688400697257
"BRD4",0.035688400697257
"SEPN1",0.035688400697257
"PLEKHG2",0.035688400697257
"IL17RE",0.035688400697257
"PLEKHG5",0.0357233274586614
"AW975060",0.0357285771840669
"ZNF793",0.0358381111900144
"GALNT10",0.0359353789782098
"HOXA2",0.0359363843570501
"SUFU",0.0359363843570501
"KRTCAP2",0.0359363843570501
"USP21",0.0359363843570501
"NPY5R",0.0359363843570501
"TRIM74",0.0359363843570501
"LOC101927021",0.0359363843570501
"LDB3",0.0359687369725297
"COX7B2",0.036024402536007
"LINC00299",0.0360340217647566
"AI939399",0.0360835949563543
"DOCK1",0.0361714944005049
"LOC101927137",0.0361714944005049
"EFR3B",0.0361714944005049
"MEF2C",0.0361714944005049
"ALMS1-IT1",0.0361956296576686
"TAAR3",0.0363327450294188
"CXCR1",0.0363807770165639
"LINC00315",0.0363807770165639
"GSDMD",0.0363807770165639
"TTC7A",0.0363979292036874
"ADAMTSL2",0.0363979292036874
"TRPM3",0.0363979292036874
"LOC100507520",0.0363979292036874
"AI056599",0.0364061339446132
"AI360832",0.0364951818871886
"LYPD1",0.0365149153571406
"LINC00689",0.0365343134125968
"MS4A1",0.036611161849982
"M20919",0.0366184674342622
"ZNF169",0.0366431223712613
"ERICH3",0.036700999307497
"UCMA",0.036700999307497
"238947_at",0.036700999307497
"EPOR",0.036762987496352
"NPHS2",0.0369482849511229
"MAS1L",0.0370568693396077
"KLHL29",0.0370568693396077
"RAB11B-AS1",0.0370568693396077
"TBC1D9",0.0370568693396077
"KRT73",0.0370984900575059
"AL359594",0.037119952275666
"LOC101927210",0.0371565610470329
"LOC403323",0.0371565610470329
"RAB8A",0.0371565610470329
"IKBKB",0.0371565610470329
"PCDHB17P",0.0371565610470329
"GCH1",0.0371565610470329
"DLEU7-AS1",0.0371608538156383
"PPIB",0.0371608538156383
"LOC101927534",0.0371608538156383
"LMO2",0.0371608538156383
"LOC286359",0.0371608538156383
"SMG6",0.0371608538156383
"LOC100507156",0.0371785518925718
"ZNF43",0.0372800950817105
"SIKE1",0.0372800950817105
"222097_at",0.0372800950817105
"DNAH2",0.0372800950817105
"UBBP1",0.0372800950817105
"CFLAR",0.0373574923028052
"AI088707",0.0373574923028052
"IFNA10",0.0373574923028052
"ABHD4",0.0373574923028052
"RETNLB",0.0373574923028052
"LOC101927516",0.0373574923028052
"BF510937",0.0373574923028052
"ZNF703",0.0373574923028052
"FAAP100",0.0373574923028052
"DTWD2",0.0373574923028052
"RAD51D",0.0373574923028052
"MASP2",0.0373574923028052
"BE502947",0.0373574923028052
"242739_at",0.0373574923028052
"FAM181A",0.0375011463381547
"ND6",0.0375011463381547
"USP40",0.0375117350517561
"OR12D3",0.0375117350517561
"AI740938",0.0375117350517561
"LOC100996636",0.0375122921073484
"AK000119",0.0375122921073484
"DMWD",0.0376045512810423
"QPRT",0.0376669733027819
"AK021836",0.0376669733027819
"ELMSAN1",0.0376712998219624
"SEC31A",0.0376712998219624
"EID3",0.0376927810058301
"LINC01019",0.0376927810058301
"C2orf68",0.0376927810058301
"LOC285819",0.0376927810058301
"FRYL",0.0377490258868187
"KCNV1",0.0377490258868187
"LRTM1",0.0377490258868187
"UBBP2",0.0377490258868187
"BCRP3",0.0377490258868187
"SDF2L1",0.0377490258868187
"CLC",0.0377490258868187
"FAM129C",0.0377490258868187
"RYR1",0.0377490258868187
"ATP13A4",0.0377490258868187
"LOC100507140",0.0377490258868187
"NKIRAS2",0.0377490258868187
"AI341230",0.0377490258868187
"LOC221946",0.0377490258868187
"FAM111B",0.0377490258868187
"TPM4",0.0377490258868187
"CLDN18",0.0377490258868187
"NENF",0.0377490258868187
"FLT3LG",0.0377490258868187
"AFF3",0.0377490258868187
"SLC36A1",0.0377490258868187
"PDIA2",0.0377490258868187
"SLC17A4",0.0377684637113918
"LOC728099",0.0377684637113918
"LOC101930115",0.0378878277694331
"BC031957",0.0379580766993713
"CLDN2",0.0379994181845236
"ANHX",0.0379994181845236
"HLX",0.0379994181845236
"AU152753",0.0379994181845236
"AKR1E2",0.0380342086760843
"COG4",0.0380342086760843
"SEPHS1",0.0380342086760843
"PRR14",0.0380903428647557
"REG1B",0.0380922796382766
"SERGEF",0.0382640801034793
"GULP1",0.0382678807717419
"AL109707",0.0382678807717419
"ZNF174",0.0382678807717419
"THRB",0.0382678807717419
"LOC151760",0.0382678807717419
"DCHS1",0.0382678807717419
"BF514007",0.0382839667913093
"ALDOB",0.0382839667913093
"AL832283",0.0382839667913093
"CBX2",0.0382839667913093
"BC033975",0.0382839667913093
"242330_at",0.0383098587906053
"RNF217",0.0383098587906053
"BC034928",0.0383098587906053
"KIR3DL1",0.0383098587906053
"TPD52L2",0.0383098587906053
"ARHGAP27",0.0383098587906053
"CDH13",0.0383098587906053
"IER5L",0.0383098587906053
"NOVA2",0.0383098587906053
"KMT2B",0.0383098587906053
"DHRS13",0.0383098587906053
"SRGAP2",0.0383098587906053
"MAPKBP1",0.0383098587906053
"DCP2",0.0383098587906053
"PDE8A",0.0383098587906053
"ADARB1",0.0384854438473399
"LOC101928333",0.03850003675228
"AHI1",0.03850003675228
"SRM",0.03850003675228
"LINS1",0.03850003675228
"DAD1",0.03850003675228
"AGBL5",0.03850003675228
"LOC101927933",0.03850003675228
"TDRD12",0.0385184786786679
"BC042368",0.0385184786786679
"STRAP",0.0385184786786679
"CAPN13",0.0385184786786679
"SVEP1",0.0385361697321
"MICALL2",0.0385542846716484
"CALHM1",0.0386174657526473
"PCDH7",0.038669669707134
"KCNJ15",0.0386942259322225
"ZNF496",0.0386942259322225
"AK025116",0.0386942259322225
"PDK3",0.0386942259322225
"PPFIA1",0.0386942259322225
"SNX22",0.0386942259322225
"KLF17",0.0386942259322225
"ZNF227",0.038721398837966
"PTGS1",0.038721398837966
"POLH",0.038721398837966
"234954_at",0.038721398837966
"RABGAP1L",0.038721398837966
"BF447148",0.038721398837966
"PRRC2C",0.038721398837966
"VWA1",0.038721398837966
"JMJD6",0.038721398837966
"244212_at",0.038721398837966
"LOC105378419",0.038721398837966
"242126_at",0.0388254970707549
"PHF19",0.0388254970707549
"LOC102724352",0.038865576866877
"SP2",0.0389040125110798
"DNAJC4",0.0389040125110798
"TSPYL1",0.0389040125110798
"BC015376",0.0389040125110798
"AA176313",0.0389289224568709
"AK026734",0.0389735546786993
"SPATA6",0.0391087530701588
"HIP1",0.0391087530701588
"GTF2IRD2",0.0391087530701588
"LOC101928343",0.0391183898240687
"NMBR",0.0391693119022878
"LOC101927420",0.0392221105619144
"DBF4B",0.0392221105619144
"SORBS1",0.0392221105619144
"LINC00572",0.0392221105619144
"AL833091",0.0392221105619144
"MVB12B",0.0392298880341975
"RGSL1",0.0392298880341975
"LOC101929084",0.0392820282285119
"ZNF709",0.0392866338055338
"T88880",0.0392951790948353
"BE674255",0.0393056101713304
"LOC101927710",0.0393745752263947
"UTRN",0.0393788777235806
"ABCC11",0.0394159105870493
"BU678407",0.0394735290073334
"DAZ4",0.0394770279883639
"GNG4",0.0394770279883639
"AU159465",0.0394770279883639
"1564129_a_at",0.0394770279883639
"KATNB1",0.0394770279883639
"229607_at",0.0394770279883639
"BCCIP",0.0395567402647426
"PBX2",0.0395567402647426
"AW873344",0.0395567402647426
"LOC100996694",0.0397096030654689
"MYO10",0.0397096030654689
"FYCO1",0.0397096030654689
"CHRNA10",0.0397096030654689
"AK7",0.0397096030654689
"FITM2",0.0397298463584494
"AA129909",0.0397298463584494
"AA706749",0.0397298463584494
"LOC101928222",0.0398043544001983
"NUP88",0.0398855612471158
"ATG13",0.0398855612471158
"AA206363",0.0398855612471158
"DFFA",0.0398855612471158
"METTL15",0.0398855612471158
"LOC101929660",0.0398855612471158
"ZNF843",0.0398855612471158
"ZBP1",0.0398982307570736
"1555176_at",0.0398982307570736
"PSG6",0.0398982307570736
"BM728509",0.0398982307570736
"FSCN2",0.0398982307570736
"NACC1",0.0398982307570736
"PAQR3",0.0398982307570736
"CDC42EP4",0.0398982307570736
"ENGASE",0.0398982307570736
"B3GALT6",0.0398982307570736
"BC041340",0.0398982307570736
"LINC00842",0.0398982307570736
"LOC101928288",0.0398982307570736
"LZTS2",0.0399297614648695
"RPL15",0.0399297614648695
"CA5B",0.0399342703814229
"ZNF462",0.0400476837172899
"S100A7",0.0400705586344898
"DOK3",0.0400705586344898
"MUTYH",0.0400705586344898
"CXXC1P1",0.0400705586344898
"CHST11",0.0400705586344898
"HNRNPM",0.0400705586344898
"ALS2CR12",0.0400705586344898
"228016_s_at",0.0400705586344898
"OR2B3",0.0400705586344898
"BC035773",0.0400705586344898
"VN1R5",0.0400705586344898
"UBTD1",0.0400705586344898
"AA459271",0.0400705586344898
"APRT",0.0401059942940612
"TSPOAP1",0.0401059942940612
"BG010493",0.0401059942940612
"ZDHHC18",0.0401059942940612
"BC015237",0.0401059942940612
"PROC",0.0401696734448927
"KCNN3",0.0401846635746446
"EPS15L1",0.0401846635746446
"SMG7",0.0401846635746446
"SIDT2",0.0401846635746446
"DCXR",0.0401846635746446
"GSG1L",0.0402023252262226
"ZNF85",0.0402023252262226
"242526_at",0.0403580482299663
"GRIN2A",0.0404004745585213
"BC036859",0.0404004745585213
"AOC2",0.0404004745585213
"SEPT5-GP1BB",0.0404258988875534
"SLCO1B3",0.0404258988875534
"EIF5B",0.0404258988875534
"LOC101928269",0.0404258988875534
"PPP3CC",0.0404258988875534
"LOC729173",0.0404723060926645
"AK022258",0.0405799261336141
"HOXC10",0.0406788434565551
"FLOT1",0.0406824750241536
"CA12",0.0407255856226368
"RFX5",0.0407255856226368
"MITF",0.0407255856226368
"CASC17",0.0407255856226368
"RBM15",0.0407255856226368
"PPP1R16A",0.0407255856226368
"SEC23A",0.0407255856226368
"PHACTR4",0.0407255856226368
"DDR2",0.0407255856226368
"OR1J2",0.0407255856226368
"ZNF850",0.0407308913140744
"AK056734",0.0407308913140744
"AL691530",0.0407565323465328
"LOC400541",0.0407565323465328
"NKD1",0.0407565323465328
"AK000787",0.0407565323465328
"HABP2",0.0407914439932798
"OFCC1",0.0409370610526338
"ADAM9",0.0409973159133252
"TPM1",0.0410068577786226
"GRK5",0.0410068577786226
"RNF5",0.0410068577786226
"SGTA",0.0410068577786226
"HOXB7",0.0410068577786226
"LOC101929897",0.0410068577786226
"LOC644794",0.0410068577786226
"ADAMTS9-AS2",0.0410068577786226
"SLC35F3",0.0410068577786226
"NADSYN1",0.0410068577786226
"PMCH",0.0410068577786226
"LOC100506411",0.0410068577786226
"CARS2",0.0411344094366065
"LAMTOR1",0.0411344094366065
"PGAM2",0.0411344094366065
"COA1",0.0411344094366065
"LINC00927",0.0411344094366065
"FUT10",0.0411344094366065
"AFM",0.0411344094366065
"LOC202181",0.0411344094366065
"MIR6872",0.0411344094366065
"SYT15",0.0411344094366065
"SIGLEC17P",0.0411344094366065
"INHBB",0.0411344094366065
"ACTN2",0.0411344094366065
"MMP14",0.0411344094366065
"BC036644",0.0411344094366065
"AJ278917",0.0411344094366065
"PLXNB1",0.0411344094366065
"BC009643",0.0411344094366065
"VASH2",0.0411344094366065
"AI081227",0.0411344094366065
"LTB",0.0411344094366065
"LSM2",0.0411344094366065
"TRY2P",0.0411344094366065
"RABGEF1",0.0411344094366065
"PLEKHB1",0.0411344094366065
"TTC23L",0.0411344094366065
"AK000257",0.0411344094366065
"LOC105371038",0.0411344094366065
"LRP3",0.0411344094366065
"AA806776",0.0411344094366065
"KLHL9",0.0411344094366065
"SYS1",0.0411344094366065
"CBL",0.0411344094366065
"236303_at",0.0411476097289687
"IGFL1",0.0411552422490509
"SCAMP2",0.0411552422490509
"TNNI2",0.0412077384692398
"BRD3",0.0412077384692398
"KDM1B",0.0412752335180789
"PNN",0.0412752335180789
"LOC148709",0.041334982481723
"ZW10",0.041334982481723
"KATNA1",0.0413563249216739
"WDR20",0.0413563249216739
"CUX1",0.0413563249216739
"ARMC10",0.0413563249216739
"REL",0.0413563249216739
"ZCCHC24",0.0413563249216739
"ZCRB1",0.0413563249216739
"SHANK1",0.0413563249216739
"OCRL",0.041394696105056
"CSTB",0.0414088358509925
"AW406163",0.0414088358509925
"PTPN6",0.0414088358509925
"MEX3C",0.0414288368428972
"233128_at",0.0415518583146912
"FOXN3",0.0415701956060752
"LINC00964",0.0415701956060752
"ZNF853",0.0415701956060752
"OLIG2",0.0415701956060752
"CNST",0.0415974409148396
"LOC101929681",0.0415978685007979
"C15orf41",0.0416133242697354
"ITIH4",0.0416133242697354
"SMARCC1",0.0416512114169499
"TUBGCP6",0.0416749383372536
"BF508868",0.0416960824123331
"GGH",0.0416960824123331
"ANAPC16",0.0416960824123331
"AI349737",0.041712401023171
"LINC00664",0.041712401023171
"CBY1",0.041712401023171
"ELF2",0.0417556921919322
"HAND1",0.0417994200137359
"243319_at",0.0417994200137359
"SERPINB7",0.0417994200137359
"FABP7",0.0417994200137359
"RANBP17",0.0417994200137359
"ALKBH7",0.0417994200137359
"SKI",0.0417994200137359
"AI079543",0.0417994200137359
"VEZF1",0.0417994200137359
"PLEK2",0.0417994200137359
"LOC285593",0.0417994200137359
"RSBN1",0.0417994200137359
"RSPH10B2",0.0417994200137359
"SLC22A7",0.0417994200137359
"LINC00523",0.0417994200137359
"NR2C2",0.0417994200137359
"1553498_at",0.0417994200137359
"AK026465",0.0417994200137359
"PDLIM3",0.0417994200137359
"GPRC5D",0.0417994200137359
"SEC22C",0.0417994200137359
"LOC100506351",0.0417994200137359
"CYSLTR2",0.0417994200137359
"TAT",0.0417994200137359
"UCK1",0.041800335807725
"TEK",0.0420415823935411
"LOC101927339",0.0420415823935411
"GATAD2A",0.0420415823935411
"SLC25A40",0.0420415823935411
"CPB1",0.0420415823935411
"TMEM256-PLSCR3",0.0420415823935411
"AK024564",0.0420736676764937
"GRK6",0.0420736676764937
"PAGR1",0.0420736676764937
"LOC101929268",0.0420736676764937
"HUS1B",0.0420736676764937
"STAT3",0.0420736676764937
"SEC61A1",0.0420736676764937
"EZH1",0.0420736676764937
"AK026401",0.0420736676764937
"BACH1",0.0420736676764937
"LOC101930343",0.0420736676764937
"TNRC6C",0.0420736676764937
"SLC25A21-AS1",0.0420736676764937
"X91103",0.0420736676764937
"BRWD1",0.0420736676764937
"MED28",0.0420736676764937
"AA034209",0.0420736676764937
"BC020913",0.0420736676764937
"MED16",0.0420736676764937
"GABRA4",0.0420736676764937
"LOC100289518",0.0420736676764937
"ACSM1",0.0420736676764937
"AW236797",0.0420736676764937
"ISG20",0.042087870447372
"230842_at",0.042087870447372
"LOC401442",0.042087870447372
"MCAM",0.042087870447372
"SPEF1",0.0421713414158156
"BC041853",0.0422070271803379
"1569959_at",0.0422070271803379
"PAOX",0.0422762736522391
"DHODH",0.0422762736522391
"RHOQ",0.0422762736522391
"IGK",0.0422762736522391
"LOC401463",0.0422762736522391
"WDR45",0.0422762736522391
"CMTM3",0.0422762736522391
"SNHG4",0.0423470640444098
"ADGRG1",0.0423470640444098
"NAT14",0.0423582008144814
"MCM7",0.0423938344594122
"EDAR",0.0423938344594122
"BCAR1",0.0423938344594122
"CAMK2D",0.0423938344594122
"GRK2",0.0423938344594122
"C11orf72",0.0423938344594122
"KDM6B",0.0424047938611876
"LRIG1",0.0424760226128935
"AL365407",0.0424760226128935
"TSHB",0.0424760226128935
"AW303454",0.0424760226128935
"MUS81",0.0425112609781894
"AI827550",0.0425112609781894
"ZNF598",0.0425320565497054
"OST4",0.0425521056276912
"LOC150776",0.0425521056276912
"NXF1",0.0425521056276912
"AV719626",0.0425521056276912
"RANBP2",0.0425521056276912
"LOC100996286",0.0425521056276912
"KRTAP9-8",0.0425521056276912
"REXO2",0.0425521056276912
"CCNB1",0.0425521056276912
"ADAM3B",0.0425521056276912
"GALNT12",0.0425774829170386
"HNRNPF",0.0426456611544489
"LIME1",0.0426456611544489
"ODF4",0.0426456611544489
"ATP2A1-AS1",0.0426567265605318
"WNK3",0.0426567265605318
"AU147421",0.0426567265605318
"BC013111",0.0426567265605318
"UGT1A1",0.0426567265605318
"TAAR2",0.0426780371697833
"FAM188A",0.0427078758577677
"WFDC12",0.0427078758577677
"TMBIM4",0.0427078758577677
"GSTK1",0.0427078758577677
"AK021988",0.0427078758577677
"CDH4",0.0429465391986754
"FBN2",0.0429520608341323
"GAS2L1",0.0429585860443258
"LOC101927079",0.0429616333024397
"LOC100505841",0.0429648677369078
"BG236273",0.0430881279700083
"AL080215",0.0431851310498623
"PBRM1",0.0433228225076506
"AF023203",0.0433938521346413
"PLEKHO1",0.0434733338457448
"CLIP1-AS1",0.0434938042208948
"FAM71A",0.0434938042208948
"NIPBL",0.0434938042208948
"NAGLU",0.0434938042208948
"MATR3",0.0434938042208948
"NAV1",0.0434938042208948
"BTBD2",0.0434938042208948
"NR2F2",0.0435080172795679
"BC034299",0.0435490653497738
"BF032023",0.043600845102552
"217170_at",0.0437160139768452
"RBM5",0.0437495683238298
"DTX2P1-UPK3BP1-PMS2P11",0.0438876537726447
"AA779991",0.0438876537726447
"AW405975",0.0438876537726447
"DNAH1",0.0438981246410829
"DDX23",0.0438981246410829
"WDR90",0.044175592488957
"PSG9",0.044175592488957
"CSF2RA",0.0442151215521182
"AL832727",0.0442151215521182
"IGHV4-31",0.0442151215521182
"NOTCH1",0.0442688198829728
"FAM53A",0.0442889224686767
"LOC100506860",0.0444026581115698
"GMPS",0.0444026581115698
"APOH",0.0444931776400665
"VDAC3",0.0444931776400665
"ELP4",0.0444931776400665
"CHERP",0.0444931776400665
"ANKRD11",0.0444931776400665
"ZNF341",0.0444931776400665
"EFNA4",0.0444931776400665
"SENP2",0.0444931776400665
"SOX13",0.0444931776400665
"BU856247",0.0444931776400665
"HILS1",0.0444931776400665
"LOC728175",0.0444931776400665
"ARMC6",0.0444931776400665
"DHRS7",0.0445005234458588
"IGHM",0.0445005234458588
"CKLF",0.0445111860901684
"CCNA2",0.0445111860901684
"BE535717",0.0445111860901684
"EFCAB14",0.0445111860901684
"RTP1",0.0445111860901684
"FAM126B",0.0445111860901684
"CCDC22",0.0445111860901684
"LOC100130078",0.0445111860901684
"KRT76",0.0445111860901684
"LOC101929583",0.0445111860901684
"SLC2A11",0.0445111860901684
"AI808330",0.0445111860901684
"DSCR10",0.0445111860901684
"LRIG2",0.0445111860901684
"ZNHIT2",0.0445111860901684
"CCDC102A",0.0445111860901684
"PPFIBP1",0.0445111860901684
"AK024242",0.0445111860901684
"D2HGDH",0.0445111860901684
"LOC728613",0.0445111860901684
"LINC01315",0.0445111860901684
"AF086265",0.0445111860901684
"LOC401312",0.0445111860901684
"LOC643201",0.0445111860901684
"FAM30A",0.0445111860901684
"METTL9",0.0445111860901684
"MYEF2",0.0445111860901684
"NME1-NME2",0.0445111860901684
"STRN4",0.0445111860901684
"SFXN5",0.0445111860901684
"CDK15",0.0445111860901684
"BUB1",0.0445111860901684
"ATN1",0.0445111860901684
"RHCG",0.0445111860901684
"TLX2",0.0445111860901684
"TOP1MT",0.0445111860901684
"RFXAP",0.0445111860901684
"SNX14",0.0445111860901684
"DCAF4",0.0445111860901684
"FAM71E2",0.0445111860901684
"LOC100506098",0.0445111860901684
"A2MP1",0.0445111860901684
"CSPG4",0.0445111860901684
"AATF",0.0445111860901684
"TBL1X",0.0445111860901684
"HSPA14",0.0445111860901684
"SLC6A2",0.0445111860901684
"SNX1",0.0445111860901684
"AK091506",0.0445111860901684
"ZNF22",0.0445111860901684
"LOC283045",0.0445111860901684
"TMEM189-UBE2V1",0.0445111860901684
"AK022331",0.0445111860901684
"N4BP1",0.0445111860901684
"KLHL36",0.0445111860901684
"AGAP3",0.0445111860901684
"CD1B",0.0445171622488062
"THOC6",0.0445171622488062
"LOC728805",0.0446071402115672
"MGAT5B",0.0446397066368453
"C9orf3",0.0446397066368453
"NOL4L",0.0446660821578799
"CALCA",0.0446660821578799
"AI939584",0.0446660821578799
"OR5E1P",0.0447134763297501
"LINC00847",0.0447134763297501
"BF752351",0.0447134763297501
"RTKN",0.0447259291738144
"MIR1282",0.044784297323297
"IL21",0.0447943047627678
"PLXNB2",0.0448141652548564
"LOC729506",0.0449274583452934
"LINC00320",0.0449274583452934
"GLYATL2",0.0450038168362341
"TMEM165",0.0450430580632895
"FAM43A",0.0450752516337785
"MRPL41",0.0450979363014222
"SNTB2",0.0450992784060404
"GPC3",0.0451432267253668
"ST6GALNAC6",0.0451432267253668
"AK092317",0.0451432267253668
"ZNF713",0.0451987632171019
"BTN1A1",0.0452142429920647
"GRAPL",0.0452963493791156
"FMO6P",0.0452963493791156
"LOC101930568",0.0453184303103022
"LINC00926",0.0453184303103022
"BF062156",0.0453303004395381
"ZNF491",0.0453593874232811
"LOC102723845",0.0453593874232811
"SMIM4",0.0453593874232811
"USP43",0.0453593874232811
"KRT6B",0.0453593874232811
"MIR6866",0.0453593874232811
"LOC105376689",0.0453593874232811
"AA426056",0.0453606971500775
"AK024236",0.0453787071430875
"AMER3",0.0454463189730056
"BC032024",0.0454463189730056
"GALT",0.0455787701375957
"DHX30",0.0455820732525582
"MUCL1",0.0456203276757964
"VPS37C",0.0456203276757964
"240103_at",0.0456203276757964
"RELA",0.045636150718996
"UBL4B",0.0457033259089921
"MPHOSPH8",0.0457033259089921
"RMI2",0.0457033259089921
"AA678006",0.0457707119635643
"243587_x_at",0.0457845647578594
"SH3GL1",0.0458164079323262
"HIST1H3F",0.0458710735092899
"KCNIP4",0.0459413539418509
"LOC100271832",0.0459413539418509
"241333_x_at",0.0459413539418509
"MCRIP2",0.0459481912465375
"DARS",0.0460222685892597
"BEND7",0.0460238863371934
"KDELR2",0.0460480466871368
"NDST1",0.0460480466871368
"LOC101927610",0.0460480466871368
"CPA4",0.0460592220991349
"LOC101927841",0.0460592220991349
"LOC100289283",0.0460592220991349
"UFC1",0.0460614034461802
"ARL6IP6",0.0460614034461802
"ZFP36L2",0.0461615332855917
"CECR3",0.0462104065942251
"RBM10",0.0462104065942251
"ITGB5",0.0462198433445402
"AK027253",0.0463303393869397
"BC022058",0.0463303393869397
"NLRP8",0.0463437847648395
"AF116696",0.0463437847648395
"TP53I11",0.0463437847648395
"TCEB3B",0.0463577553329284
"FAM205C",0.0463577553329284
"MARK3",0.0463577553329284
"MYLK3",0.0464832205656622
"AA913703",0.0465981180416949
"217580_x_at",0.0465981180416949
"POM121L8P",0.0465981180416949
"ZNF789",0.0466011920215286
"SAA3P",0.0466011920215286
"MPST",0.0467496585519043
"NR2F6",0.0467863463966284
"FLJ40288",0.046792732252472
"SMARCA4",0.046792732252472
"TSSK6",0.046792732252472
"TTTY14",0.046792732252472
"KDM4B",0.0469517604712673
"LOC101928525",0.0469517604712673
"SNX20",0.0469517604712673
"LOC100128288",0.0469517604712673
"PARL",0.0469517604712673
"THRAP3",0.0469517604712673
"GATA2",0.0469517604712673
"TTTY4C",0.0469517604712673
"AI805550",0.0469517604712673
"PITHD1",0.0469517604712673
"GLTP",0.0469517604712673
"SESN3",0.0469517604712673
"UBE2A",0.0469560369096094
"NMRAL1P1",0.0469560369096094
"PHLDA1",0.0469560369096094
"TCF3",0.0469729442897704
"216824_at",0.0469861111454489
"B4GALNT4",0.0469861111454489
"ZSCAN20",0.0470063311889674
"TM9SF1",0.0470231185404585
"AU147253",0.0470954197921297
"NEK11",0.0470954197921297
"LOC254896",0.0471137746901478
"SLC35F2",0.0471137746901478
"AA402483",0.0471137746901478
"FMO5",0.0471325063261716
"TRIM32",0.047171866354488
"TMEM72-AS1",0.047171866354488
"MYO1D",0.047171866354488
"EZR",0.047171866354488
"RBCK1",0.0471774183866027
"ANKRD37",0.047181074686896
"DUSP15",0.047181074686896
"ZNF764",0.047181074686896
"DOCK5",0.047181074686896
"GPRC5A",0.047181074686896
"GPSM1",0.047181074686896
"MGST3",0.0471973362532955
"WDR3",0.0472095588644439
"KRI1",0.0472479547735708
"SLC46A1",0.0472479547735708
"NMUR2",0.0473476037043712
"UBIAD1",0.0473476037043712
"BTNL2",0.0473518049102097
"SERF2-C15ORF63",0.0473518049102097
"PDE4D",0.0473518049102097
"AI991943",0.0473518049102097
"AL050122",0.0473891960215035
"BE219104",0.0473891960215035
"TEX26-AS1",0.0474106700782962
"ESD",0.0474585260874435
"PTRH1",0.0474587519000399
"KMT5A",0.0474587519000399
"PDK1",0.0474587519000399
"LOC100505904",0.0474587519000399
"YIPF2",0.0474587519000399
"ERGIC1",0.0475487251816544
"TONSL",0.0475487251816544
"ERP44",0.0475487251816544
"C10orf55",0.0475487251816544
"MIER2",0.0475487251816544
"AI821782",0.0475575589914604
"CDC42",0.0475575589914604
"MRGPRG-AS1",0.0475575589914604
"FAM20C",0.0475691993270513
"ZACN",0.0476053988484276
"ATXN7L2",0.0476674758141537
"CANT1",0.0476674758141537
"TAS2R41",0.0477150715926455
"PDLIM4",0.0477150715926455
"CDH24",0.0477150715926455
"234955_at",0.0477554855363971
"CYP2J2",0.0478002312900743
"ABHD16B",0.0478002312900743
"FAAP20",0.0478002312900743
"NDUFC2-KCTD14",0.0478079992894197
"COL16A1",0.0478160216003781
"BF061333",0.0479443008361629
"AL050063",0.0479554708107176
"MEGF11",0.0479626957721146
"MAD2L1",0.047972950854172
"AL832295",0.0479842235679241
"EVX1",0.0479842235679241
"TGFB1",0.0480843076393554
"SUSD3",0.0480843076393554
"BC043418",0.0480843076393554
"AW015517",0.0480843076393554
"FCRL5",0.04808686402299
"AQP12B",0.0482106672117278
"MIR675",0.0482106672117278
"IL6R",0.0482392804690601
"PCYOX1L",0.0482915971331425
"IKZF1",0.048322759046107
"EYA3",0.048322759046107
"KLF16",0.0483509464227916
"PPM1L",0.0483509464227916
"ACACB",0.0484024888300791
"AK025072",0.0484024888300791
"SDK2",0.0484024888300791
"LOC101930262",0.0484130252182665
"NECTIN2",0.0484130252182665
"APOA2",0.0484130252182665
"LRCH1",0.0484130252182665
"1554963_at",0.0484130252182665
"227661_at",0.0484130252182665
"OR51E1",0.0484130252182665
"AK097428",0.0484130252182665
"LENG1",0.0484130252182665
"CTDSP2",0.0484130252182665
"NBEAL2",0.0484130252182665
"AI801975",0.0485145187502005
"ZNF10",0.0485389770315256
"OGG1",0.0485389770315256
"BC039180",0.0485483633062474
"MFSD12",0.0485483633062474
"SGCD",0.0485665232647752
"MIAT",0.0485665232647752
"AA911734",0.0485665232647752
"SZT2",0.0485665232647752
"AI681868",0.0486375184908698
"HIGD2A",0.0486532124746063
"TADA3",0.0486532124746063
"CDC42SE1",0.0486532124746063
"ITGB1",0.0486532124746063
"AI792565",0.0486660133390783
"RFFL",0.0486843679085641
"BF110113",0.0487207486689635
"SLC4A8",0.0488792022675895
"KCNU1",0.0489253601115714
"NOP9",0.0489253601115714
"KMT2E-AS1",0.048965570951277
"ANGPTL3",0.0489899248964751
"FASN",0.0490388551469308
"239603_x_at",0.0491140013061
"ZSCAN9",0.049144610304015
"ALOX12",0.049144610304015
"AW977497",0.049144610304015
"OR5L2",0.049144610304015
"WRAP73",0.049144610304015
"AASDHPPT",0.049144610304015
"PCP2",0.049144610304015
"OR1F1",0.049144610304015
"LRRC27",0.049144610304015
"PRLH",0.049144610304015
"SLC25A1",0.049144610304015
"PTGR1",0.049144610304015
"OCA2",0.049144610304015
"OSER1-AS1",0.049144610304015
"ZNF385A",0.049144610304015
"LFNG",0.049144610304015
"LUZP4",0.049144610304015
"LOC100507353",0.0491610677482646
"DNAI1",0.0491610677482646
"BE504201",0.0491610677482646
"STOML3",0.0491634738392039
"KIFC3",0.0491734740791598
"CTBP2",0.0491734740791598
"ACVR2A",0.0491734740791598
"BC022384",0.0491734740791598
"SPIRE2",0.0491734740791598
"TRIML2",0.0491734740791598
"TCEANC",0.0491734740791598
"SLC24A1",0.0491734740791598
"SRRM4",0.0491734740791598
"USP45",0.0491734740791598
"PNPLA3",0.0491734740791598
"LOC339298",0.0492495736533558
"1557521_a_at",0.0492495736533558
"APBB1IP",0.0492495736533558
"CFAP157",0.0492495736533558
"AI078248",0.0492541018974233
"CPNE2",0.0493232999220149
"CECR9",0.0493974337939597
"AW969703",0.0494060750988607
"TTBK2",0.0494060750988607
"OGFOD3",0.0494060750988607
"IL17RC",0.0494060750988607
"LINC01547",0.0494060750988607
"GDF3",0.0494060750988607
"PICALM",0.0494060750988607
"Igk",0.0494060750988607
"BE884916",0.0494060750988607
"TEX261",0.0494060750988607
"N50406",0.0494060750988607
"TMCC3",0.0494060750988607
"GGT1",0.0494060750988607
"NEGR1",0.0494060750988607
"RYK",0.0494060750988607
"BAIAP2L2",0.0494060750988607
"MAPKAPK2",0.0494060750988607
"NAV3",0.0494060750988607
"PGPEP1",0.0494060750988607
"BC015844",0.0494650290718349
"TCF20",0.0494650290718349
"BRD2",0.0495434341428301
"XPR1",0.0495434341428301
"ANKRD13B",0.0495434341428301
"GYPB",0.0495434341428301
"BC040600",0.0495659202175001
"AW296286",0.0496008909216758
"ZNF788",0.0496008909216758
"FANCI",0.0496008909216758
"CAMK2B",0.0496008909216758
"R37396",0.0496275968093735
"LOC100506446",0.0496540561626817
"MTHFR",0.0497217644739758
"PLXND1",0.0497355986149509
"GGA2",0.049744099694194
"MICALL1",0.0497834931501529
"CASZ1",0.0498023340764146
"VPS37B",0.0498061713375021
"AW269743",0.0498557649406113
"HACD1",0.0499281846571936
"LOC643355",0.0499281846571936
"ZNF512",0.0499281846571936
